<?xml version="1.0" encoding="UTF-8"?>
<!-- Generated by eXe - http://exelearning.net -->
<manifest identifier="eXeUT_260c9975c262b29a02f1" xmlns="http://www.imsproject.org/xsd/imscp_rootv1p1p2" xmlns:adlcp="http://www.adlnet.org/xsd/adlcp_rootv1p2" xmlns:imsmd="http://www.imsglobal.org/xsd/imsmd_v1p2" xmlns:xsi="http://www.w3.org/2001/XMLSchema-instance" xsi:schemaLocation="http://www.imsproject.org/xsd/imscp_rootv1p1p2 imscp_rootv1p1p2.xsd http://www.imsglobal.org/xsd/imsmd_rootv1p2p1 imsmd_rootv1p2p1.xsd http://www.adlnet.org/xsd/adlcp_rootv1p2 adlcp_rootv1p2.xsd" > 
<metadata> 
 <schema>ADL SCORM</schema> 
 <schemaversion>1.2</schemaversion> 
 <adlcp:location>imslrm.xml</adlcp:location> 
</metadata> 
<organizations default="eXeUT_260c9975c262b29a02f2">  
    <organization identifier="eXeUT_260c9975c262b29a02f2" structure="hierarchical">
        <title>1º DAW - Programación - UT 1</title>
<item identifier="ITEM-eXeUT_260c9975c262b29a02f3" isvisible="true" identifierref="RES-eXeUT_260c9975c262b29a02f4">
    <title>U.T. 2 Elementos de un programa informático</title>
<item identifier="ITEM-eXeUT_260c9975c262b29a02f5" isvisible="true" identifierref="RES-eXeUT_260c9975c262b29a02f6">
    <title>Orientaciones</title>
</item>
<item identifier="ITEM-eXeUT_260c9975c262b29a0307" isvisible="true" identifierref="RES-eXeUT_260c9975c262b29a0308">
    <title>2.1 Introducción</title>
</item>
<item identifier="ITEM-eXeUT_260c9975c262b29a0309" isvisible="true" identifierref="RES-eXeUT_260c9975c262b29a030a">
    <title>2.2. Historia de Python</title>
<item identifier="ITEM-eXeUT_260c9975c262b29a030b" isvisible="true" identifierref="RES-eXeUT_260c9975c262b29a030c">
    <title>2.2.1 Versiones</title>
</item>
</item>
<item identifier="ITEM-eXeUT_260c9975c262b29a030d" isvisible="true" identifierref="RES-eXeUT_260c9975c262b29a030e">
    <title>2.3. Características de Python</title>
</item>
<item identifier="ITEM-eXeUT_260c9975c262b29a031f" isvisible="true" identifierref="RES-eXeUT_260c9975c262b29a03110">
    <title>2.4. Un vistazo rápido al interior de Python</title>
</item>
<item identifier="ITEM-eXeUT_260c9975c262b29a03111" isvisible="true" identifierref="RES-eXeUT_260c9975c262b29a03112">
    <title>2.5. Instalación de Python</title>
</item>
<item identifier="ITEM-eXeUT_260c9975c262b29a03213" isvisible="true" identifierref="RES-eXeUT_260c9975c262b29a03214">
    <title>2.6. Entornos IDE</title>
<item identifier="ITEM-eXeUT_260c9975c262b29a03215" isvisible="true" identifierref="RES-eXeUT_260c9975c262b29a03216">
    <title>2.6.1. PyCharm</title>
</item>
</item>
<item identifier="ITEM-eXeUT_260c9975c262b29a03217" isvisible="true" identifierref="RES-eXeUT_260c9975c262b29a03218">
    <title>2.7. Estructura general</title>
<item identifier="ITEM-eXeUT_260c9975c262b29a03219" isvisible="true" identifierref="RES-eXeUT_260c9975c262b29a0321a">
    <title>2.7.1. Introdución</title>
</item>
<item identifier="ITEM-eXeUT_260c9975c262b29a0331b" isvisible="true" identifierref="RES-eXeUT_260c9975c262b29a0331c">
    <title>2.7.2. Conceptos básicos</title>
</item>
<item identifier="ITEM-eXeUT_260c9975c262b29a0331d" isvisible="true" identifierref="RES-eXeUT_260c9975c262b29a0331e">
    <title>2.7.3. Funciones introductorias</title>
</item>
<item identifier="ITEM-eXeUT_260c9975c262b29a0331f" isvisible="true" identifierref="RES-eXeUT_260c9975c262b29a03320">
    <title>2.7.4. Ejemplo: Ejecutar un programa</title>
<item identifier="ITEM-eXeUT_260c9975c262b29a03421" isvisible="true" identifierref="RES-eXeUT_260c9975c262b29a03422">
    <title>Sin usar un IDE</title>
</item>
<item identifier="ITEM-eXeUT_260c9975c262b29a03423" isvisible="true" identifierref="RES-eXeUT_260c9975c262b29a03424">
    <title>Explicación del código</title>
</item>
<item identifier="ITEM-eXeUT_260c9975c262b29a03425" isvisible="true" identifierref="RES-eXeUT_260c9975c262b29a03426">
    <title>Ejercicios</title>
</item>
</item>
<item identifier="ITEM-eXeUT_260c9975c262b29a03527" isvisible="true" identifierref="RES-eXeUT_260c9975c262b29a03528">
    <title>2.7.5. Líneas y espacios en blanco</title>
</item>
<item identifier="ITEM-eXeUT_260c9975c262b29a03529" isvisible="true" identifierref="RES-eXeUT_260c9975c262b29a0352a">
    <title>2.7.6. Comentarios</title>
</item>
<item identifier="ITEM-eXeUT_260c9975c262b29a0352b" isvisible="true" identifierref="RES-eXeUT_260c9975c262b29a0352c">
    <title>2.7.7. Ejercicios</title>
</item>
<item identifier="ITEM-eXeUT_260c9975c262b29a0362d" isvisible="true" identifierref="RES-eXeUT_260c9975c262b29a0362e">
    <title>2.7.8. Identificadores</title>
<item identifier="ITEM-eXeUT_260c9975c262b29a0362f" isvisible="true" identifierref="RES-eXeUT_260c9975c262b29a03630">
    <title>Ejemplos</title>
</item>
<item identifier="ITEM-eXeUT_260c9975c262b29a03631" isvisible="true" identifierref="RES-eXeUT_260c9975c262b29a03632">
    <title>Nombrado</title>
</item>
</item>
<item identifier="ITEM-eXeUT_260c9975c262b29a03633" isvisible="true" identifierref="RES-eXeUT_260c9975c262b29a03634">
    <title>2.7.9. Palabras reservadas</title>
</item>
<item identifier="ITEM-eXeUT_260c9975c262b29a03635" isvisible="true" identifierref="RES-eXeUT_260c9975c262b29a03636">
    <title>2.7.10. Operadores y expresiones</title>
<item identifier="ITEM-eXeUT_260c9975c262b29a03737" isvisible="true" identifierref="RES-eXeUT_260c9975c262b29a03738">
    <title>Concatenación</title>
</item>
<item identifier="ITEM-eXeUT_260c9975c262b29a03739" isvisible="true" identifierref="RES-eXeUT_260c9975c262b29a0373a">
    <title>Operadores lógicos o booleanos</title>
</item>
<item identifier="ITEM-eXeUT_260c9975c262b29a0373b" isvisible="true" identifierref="RES-eXeUT_260c9975c262b29a0373c">
    <title>Operadores de comparación</title>
</item>
<item identifier="ITEM-eXeUT_260c9975c262b29a0373d" isvisible="true" identifierref="RES-eXeUT_260c9975c262b29a0373e">
    <title>Operadores aritméticos</title>
</item>
<item identifier="ITEM-eXeUT_260c9975c262b29a0383f" isvisible="true" identifierref="RES-eXeUT_260c9975c262b29a03840">
    <title>Operadores a nivel de bits</title>
</item>
<item identifier="ITEM-eXeUT_260c9975c262b29a03841" isvisible="true" identifierref="RES-eXeUT_260c9975c262b29a03842">
    <title>Operadores de asignación</title>
</item>
<item identifier="ITEM-eXeUT_260c9975c262b29a03843" isvisible="true" identifierref="RES-eXeUT_260c9975c262b29a03844">
    <title>Operador morsa</title>
</item>
<item identifier="ITEM-eXeUT_260c9975c262b29a03845" isvisible="true" identifierref="RES-eXeUT_260c9975c262b29a03846">
    <title>Operadores de pertenencia</title>
</item>
<item identifier="ITEM-eXeUT_260c9975c262b29a03947" isvisible="true" identifierref="RES-eXeUT_260c9975c262b29a03948">
    <title>Operadores de identidad</title>
</item>
<item identifier="ITEM-eXeUT_260c9975c262b29a03949" isvisible="true" identifierref="RES-eXeUT_260c9975c262b29a0394a">
    <title>Prioridad de los operadores en Python</title>
</item>
<item identifier="ITEM-eXeUT_260c9975c262b29a0394b" isvisible="true" identifierref="RES-eXeUT_260c9975c262b29a0394c">
    <title>Expresiones</title>
<item identifier="ITEM-eXeUT_260c9975c262b29a0394d" isvisible="true" identifierref="RES-eXeUT_260c9975c262b29a0394e">
    <title>Ejercicios</title>
</item>
</item>
</item>
<item identifier="ITEM-eXeUT_260c9975c262b29a0394f" isvisible="true" identifierref="RES-eXeUT_260c9975c262b29a03950">
    <title>2.7.11. Ejercicios</title>
</item>
<item identifier="ITEM-eXeUT_260c9975c262b29a03a51" isvisible="true" identifierref="RES-eXeUT_260c9975c262b29a03a52">
    <title>2.7.12 Manejo de los datos</title>
<item identifier="ITEM-eXeUT_260c9975c262b29a03a53" isvisible="true" identifierref="RES-eXeUT_260c9975c262b29a03a54">
    <title>Literales numéricos</title>
</item>
<item identifier="ITEM-eXeUT_260c9975c262b29a03a55" isvisible="true" identifierref="RES-eXeUT_260c9975c262b29a03a56">
    <title>Literales de bytes</title>
</item>
<item identifier="ITEM-eXeUT_260c9975c262b29a03b57" isvisible="true" identifierref="RES-eXeUT_260c9975c262b29a03b58">
    <title>Literales Cadena</title>
</item>
</item>
<item identifier="ITEM-eXeUT_260c9975c262b29a03b59" isvisible="true" identifierref="RES-eXeUT_260c9975c262b29a03b5a">
    <title>2.7.13. Ejercicios</title>
</item>
<item identifier="ITEM-eXeUT_260c9975c262b29a03c5b" isvisible="true" identifierref="RES-eXeUT_260c9975c262b29a03c5c">
    <title>2.7.14. Tipos de datos</title>
</item>
<item identifier="ITEM-eXeUT_260c9975c262b29a03c5d" isvisible="true" identifierref="RES-eXeUT_260c9975c262b29a03c5e">
    <title>2.7.15. Variables y constantes</title>
</item>
<item identifier="ITEM-eXeUT_260c9975c262b29a03c5f" isvisible="true" identifierref="RES-eXeUT_260c9975c262b29a03c60">
    <title>2.7.16. Bibliotecas</title>
</item>
<item identifier="ITEM-eXeUT_260c9975c262b29a03d61" isvisible="true" identifierref="RES-eXeUT_260c9975c262b29a03d62">
    <title>2.7.18. Ejercicios</title>
</item>
</item>
<item identifier="ITEM-eXeUT_260c9975c262b29a03d63" isvisible="true" identifierref="RES-eXeUT_260c9975c262b29a03d64">
    <title>Resumen</title>
</item>
</item>
  </organization>
</organizations>
<resources>
  <resource identifier="RES-eXeUT_260c9975c262b29a02f4" type="webcontent" adlcp:scormtype="sco" href="index.html"> 
    <file href="index.html"/> 
    <file href="exe_html5.js"/>
    <dependency identifierref="COMMON_FILES"/>
  </resource>
  <resource identifier="RES-eXeUT_260c9975c262b29a02f6" type="webcontent" adlcp:scormtype="sco" href="orientaciones.html"> 
    <file href="orientaciones.html"/> 
    <file href="exe_html5.js"/>
    <dependency identifierref="COMMON_FILES"/>
  </resource>
  <resource identifier="RES-eXeUT_260c9975c262b29a0308" type="webcontent" adlcp:scormtype="sco" href="21_introduccin.html"> 
    <file href="21_introduccin.html"/> 
    <file href="exe_html5.js"/>
    <dependency identifierref="COMMON_FILES"/>
  </resource>
  <resource identifier="RES-eXeUT_260c9975c262b29a030a" type="webcontent" adlcp:scormtype="sco" href="22_historia_de_python.html"> 
    <file href="22_historia_de_python.html"/> 
    <file href="exe_html5.js"/>
    <dependency identifierref="COMMON_FILES"/>
  </resource>
  <resource identifier="RES-eXeUT_260c9975c262b29a030c" type="webcontent" adlcp:scormtype="sco" href="221_versiones.html"> 
    <file href="221_versiones.html"/> 
    <file href="exe_html5.js"/>
    <dependency identifierref="COMMON_FILES"/>
  </resource>
  <resource identifier="RES-eXeUT_260c9975c262b29a030e" type="webcontent" adlcp:scormtype="sco" href="23_caractersticas_de_python.html"> 
    <file href="23_caractersticas_de_python.html"/> 
    <file href="exe_html5.js"/>
    <file href="00.png"/>
    <dependency identifierref="COMMON_FILES"/>
  </resource>
  <resource identifier="RES-eXeUT_260c9975c262b29a03110" type="webcontent" adlcp:scormtype="sco" href="24_un_vistazo_rpido_al_interior_de_python.html"> 
    <file href="24_un_vistazo_rpido_al_interior_de_python.html"/> 
    <file href="exe_html5.js"/>
    <file href="01.png"/>
    <dependency identifierref="COMMON_FILES"/>
  </resource>
  <resource identifier="RES-eXeUT_260c9975c262b29a03112" type="webcontent" adlcp:scormtype="sco" href="25_instalacin_de_python.html"> 
    <file href="25_instalacin_de_python.html"/> 
    <file href="exe_html5.js"/>
    <file href="03.png"/>
    <file href="02.png"/>
    <file href="05.png"/>
    <file href="04.png"/>
    <dependency identifierref="COMMON_FILES"/>
  </resource>
  <resource identifier="RES-eXeUT_260c9975c262b29a03214" type="webcontent" adlcp:scormtype="sco" href="26_entornos_ide.html"> 
    <file href="26_entornos_ide.html"/> 
    <file href="exe_html5.js"/>
    <dependency identifierref="COMMON_FILES"/>
  </resource>
  <resource identifier="RES-eXeUT_260c9975c262b29a03216" type="webcontent" adlcp:scormtype="sco" href="261_pycharm.html"> 
    <file href="261_pycharm.html"/> 
    <file href="exe_html5.js"/>
    <file href="09.png"/>
    <file href="08.png"/>
    <file href="10.png"/>
    <file href="07.png"/>
    <file href="06.png"/>
    <dependency identifierref="COMMON_FILES"/>
  </resource>
  <resource identifier="RES-eXeUT_260c9975c262b29a03218" type="webcontent" adlcp:scormtype="sco" href="27_estructura_general.html"> 
    <file href="27_estructura_general.html"/> 
    <file href="exe_html5.js"/>
    <dependency identifierref="COMMON_FILES"/>
  </resource>
  <resource identifier="RES-eXeUT_260c9975c262b29a0321a" type="webcontent" adlcp:scormtype="sco" href="271_introducin.html"> 
    <file href="271_introducin.html"/> 
    <file href="exe_html5.js"/>
    <dependency identifierref="COMMON_FILES"/>
  </resource>
  <resource identifier="RES-eXeUT_260c9975c262b29a0331c" type="webcontent" adlcp:scormtype="sco" href="272_conceptos_bsicos.html"> 
    <file href="272_conceptos_bsicos.html"/> 
    <file href="exe_html5.js"/>
    <dependency identifierref="COMMON_FILES"/>
  </resource>
  <resource identifier="RES-eXeUT_260c9975c262b29a0331e" type="webcontent" adlcp:scormtype="sco" href="273_funciones_introductorias.html"> 
    <file href="273_funciones_introductorias.html"/> 
    <file href="exe_html5.js"/>
    <dependency identifierref="COMMON_FILES"/>
  </resource>
  <resource identifier="RES-eXeUT_260c9975c262b29a03320" type="webcontent" adlcp:scormtype="sco" href="274_ejemplo_ejecutar_un_programa.html"> 
    <file href="274_ejemplo_ejecutar_un_programa.html"/> 
    <file href="exe_html5.js"/>
    <file href="12.png"/>
    <file href="13.png"/>
    <file href="11.png"/>
    <dependency identifierref="COMMON_FILES"/>
  </resource>
  <resource identifier="RES-eXeUT_260c9975c262b29a03422" type="webcontent" adlcp:scormtype="sco" href="sin_usar_un_ide.html"> 
    <file href="sin_usar_un_ide.html"/> 
    <file href="exe_html5.js"/>
    <dependency identifierref="COMMON_FILES"/>
  </resource>
  <resource identifier="RES-eXeUT_260c9975c262b29a03424" type="webcontent" adlcp:scormtype="sco" href="explicacin_del_cdigo.html"> 
    <file href="explicacin_del_cdigo.html"/> 
    <file href="exe_html5.js"/>
    <dependency identifierref="COMMON_FILES"/>
  </resource>
  <resource identifier="RES-eXeUT_260c9975c262b29a03426" type="webcontent" adlcp:scormtype="sco" href="ejercicios.html"> 
    <file href="ejercicios.html"/> 
    <file href="exe_html5.js"/>
    <dependency identifierref="COMMON_FILES"/>
  </resource>
  <resource identifier="RES-eXeUT_260c9975c262b29a03528" type="webcontent" adlcp:scormtype="sco" href="275_lneas_y_espacios_en_blanco.html"> 
    <file href="275_lneas_y_espacios_en_blanco.html"/> 
    <file href="exe_html5.js"/>
    <dependency identifierref="COMMON_FILES"/>
  </resource>
  <resource identifier="RES-eXeUT_260c9975c262b29a0352a" type="webcontent" adlcp:scormtype="sco" href="276_comentarios.html"> 
    <file href="276_comentarios.html"/> 
    <file href="exe_html5.js"/>
    <dependency identifierref="COMMON_FILES"/>
  </resource>
  <resource identifier="RES-eXeUT_260c9975c262b29a0352c" type="webcontent" adlcp:scormtype="sco" href="277_ejercicios.html"> 
    <file href="277_ejercicios.html"/> 
    <file href="exe_html5.js"/>
    <file href="14.png"/>
    <file href="15.png"/>
    <dependency identifierref="COMMON_FILES"/>
  </resource>
  <resource identifier="RES-eXeUT_260c9975c262b29a0362e" type="webcontent" adlcp:scormtype="sco" href="278_identificadores.html"> 
    <file href="278_identificadores.html"/> 
    <file href="exe_html5.js"/>
    <dependency identifierref="COMMON_FILES"/>
  </resource>
  <resource identifier="RES-eXeUT_260c9975c262b29a03630" type="webcontent" adlcp:scormtype="sco" href="ejemplos.html"> 
    <file href="ejemplos.html"/> 
    <file href="exe_html5.js"/>
    <dependency identifierref="COMMON_FILES"/>
  </resource>
  <resource identifier="RES-eXeUT_260c9975c262b29a03632" type="webcontent" adlcp:scormtype="sco" href="nombrado.html"> 
    <file href="nombrado.html"/> 
    <file href="exe_html5.js"/>
    <dependency identifierref="COMMON_FILES"/>
  </resource>
  <resource identifier="RES-eXeUT_260c9975c262b29a03634" type="webcontent" adlcp:scormtype="sco" href="279_palabras_reservadas.html"> 
    <file href="279_palabras_reservadas.html"/> 
    <file href="exe_html5.js"/>
    <file href="16.png"/>
    <dependency identifierref="COMMON_FILES"/>
  </resource>
  <resource identifier="RES-eXeUT_260c9975c262b29a03636" type="webcontent" adlcp:scormtype="sco" href="2710_operadores_y_expresiones.html"> 
    <file href="2710_operadores_y_expresiones.html"/> 
    <file href="exe_html5.js"/>
    <dependency identifierref="COMMON_FILES"/>
  </resource>
  <resource identifier="RES-eXeUT_260c9975c262b29a03738" type="webcontent" adlcp:scormtype="sco" href="concatenacin.html"> 
    <file href="concatenacin.html"/> 
    <file href="exe_html5.js"/>
    <dependency identifierref="COMMON_FILES"/>
  </resource>
  <resource identifier="RES-eXeUT_260c9975c262b29a0373a" type="webcontent" adlcp:scormtype="sco" href="operadores_lgicos_o_booleanos.html"> 
    <file href="operadores_lgicos_o_booleanos.html"/> 
    <file href="exe_html5.js"/>
    <dependency identifierref="COMMON_FILES"/>
  </resource>
  <resource identifier="RES-eXeUT_260c9975c262b29a0373c" type="webcontent" adlcp:scormtype="sco" href="operadores_de_comparacin.html"> 
    <file href="operadores_de_comparacin.html"/> 
    <file href="exe_html5.js"/>
    <dependency identifierref="COMMON_FILES"/>
  </resource>
  <resource identifier="RES-eXeUT_260c9975c262b29a0373e" type="webcontent" adlcp:scormtype="sco" href="operadores_aritmticos.html"> 
    <file href="operadores_aritmticos.html"/> 
    <file href="exe_html5.js"/>
    <dependency identifierref="COMMON_FILES"/>
  </resource>
  <resource identifier="RES-eXeUT_260c9975c262b29a03840" type="webcontent" adlcp:scormtype="sco" href="operadores_a_nivel_de_bits.html"> 
    <file href="operadores_a_nivel_de_bits.html"/> 
    <file href="exe_html5.js"/>
    <dependency identifierref="COMMON_FILES"/>
  </resource>
  <resource identifier="RES-eXeUT_260c9975c262b29a03842" type="webcontent" adlcp:scormtype="sco" href="operadores_de_asignacin.html"> 
    <file href="operadores_de_asignacin.html"/> 
    <file href="exe_html5.js"/>
    <dependency identifierref="COMMON_FILES"/>
  </resource>
  <resource identifier="RES-eXeUT_260c9975c262b29a03844" type="webcontent" adlcp:scormtype="sco" href="operador_morsa.html"> 
    <file href="operador_morsa.html"/> 
    <file href="exe_html5.js"/>
    <dependency identifierref="COMMON_FILES"/>
  </resource>
  <resource identifier="RES-eXeUT_260c9975c262b29a03846" type="webcontent" adlcp:scormtype="sco" href="operadores_de_pertenencia.html"> 
    <file href="operadores_de_pertenencia.html"/> 
    <file href="exe_html5.js"/>
    <dependency identifierref="COMMON_FILES"/>
  </resource>
  <resource identifier="RES-eXeUT_260c9975c262b29a03948" type="webcontent" adlcp:scormtype="sco" href="operadores_de_identidad.html"> 
    <file href="operadores_de_identidad.html"/> 
    <file href="exe_html5.js"/>
    <dependency identifierref="COMMON_FILES"/>
  </resource>
  <resource identifier="RES-eXeUT_260c9975c262b29a0394a" type="webcontent" adlcp:scormtype="sco" href="prioridad_de_los_operadores_en_python.html"> 
    <file href="prioridad_de_los_operadores_en_python.html"/> 
    <file href="exe_html5.js"/>
    <file href="17.jpg"/>
    <dependency identifierref="COMMON_FILES"/>
  </resource>
  <resource identifier="RES-eXeUT_260c9975c262b29a0394c" type="webcontent" adlcp:scormtype="sco" href="expresiones.html"> 
    <file href="expresiones.html"/> 
    <file href="exe_html5.js"/>
    <dependency identifierref="COMMON_FILES"/>
  </resource>
  <resource identifier="RES-eXeUT_260c9975c262b29a0394e" type="webcontent" adlcp:scormtype="sco" href="ejercicios0.html"> 
    <file href="ejercicios0.html"/> 
    <file href="exe_html5.js"/>
    <dependency identifierref="COMMON_FILES"/>
  </resource>
  <resource identifier="RES-eXeUT_260c9975c262b29a03950" type="webcontent" adlcp:scormtype="sco" href="2711_ejercicios.html"> 
    <file href="2711_ejercicios.html"/> 
    <file href="exe_html5.js"/>
    <dependency identifierref="COMMON_FILES"/>
  </resource>
  <resource identifier="RES-eXeUT_260c9975c262b29a03a52" type="webcontent" adlcp:scormtype="sco" href="2712_manejo_de_los_datos.html"> 
    <file href="2712_manejo_de_los_datos.html"/> 
    <file href="exe_html5.js"/>
    <dependency identifierref="COMMON_FILES"/>
  </resource>
  <resource identifier="RES-eXeUT_260c9975c262b29a03a54" type="webcontent" adlcp:scormtype="sco" href="literales_numricos.html"> 
    <file href="literales_numricos.html"/> 
    <file href="exe_html5.js"/>
    <dependency identifierref="COMMON_FILES"/>
  </resource>
  <resource identifier="RES-eXeUT_260c9975c262b29a03a56" type="webcontent" adlcp:scormtype="sco" href="literales_de_bytes.html"> 
    <file href="literales_de_bytes.html"/> 
    <file href="exe_html5.js"/>
    <dependency identifierref="COMMON_FILES"/>
  </resource>
  <resource identifier="RES-eXeUT_260c9975c262b29a03b58" type="webcontent" adlcp:scormtype="sco" href="literales_cadena.html"> 
    <file href="literales_cadena.html"/> 
    <file href="exe_html5.js"/>
    <dependency identifierref="COMMON_FILES"/>
  </resource>
  <resource identifier="RES-eXeUT_260c9975c262b29a03b5a" type="webcontent" adlcp:scormtype="sco" href="2713_ejercicios.html"> 
    <file href="2713_ejercicios.html"/> 
    <file href="exe_html5.js"/>
    <dependency identifierref="COMMON_FILES"/>
  </resource>
  <resource identifier="RES-eXeUT_260c9975c262b29a03c5c" type="webcontent" adlcp:scormtype="sco" href="2714_tipos_de_datos.html"> 
    <file href="2714_tipos_de_datos.html"/> 
    <file href="exe_html5.js"/>
    <dependency identifierref="COMMON_FILES"/>
  </resource>
  <resource identifier="RES-eXeUT_260c9975c262b29a03c5e" type="webcontent" adlcp:scormtype="sco" href="2715_variables_y_constantes.html"> 
    <file href="2715_variables_y_constantes.html"/> 
    <file href="exe_html5.js"/>
    <dependency identifierref="COMMON_FILES"/>
  </resource>
  <resource identifier="RES-eXeUT_260c9975c262b29a03c60" type="webcontent" adlcp:scormtype="sco" href="2716_bibliotecas.html"> 
    <file href="2716_bibliotecas.html"/> 
    <file href="exe_html5.js"/>
    <dependency identifierref="COMMON_FILES"/>
  </resource>
  <resource identifier="RES-eXeUT_260c9975c262b29a03d62" type="webcontent" adlcp:scormtype="sco" href="2718_ejercicios.html"> 
    <file href="2718_ejercicios.html"/> 
    <file href="exe_html5.js"/>
    <dependency identifierref="COMMON_FILES"/>
  </resource>
  <resource identifier="RES-eXeUT_260c9975c262b29a03d64" type="webcontent" adlcp:scormtype="sco" href="resumen.html"> 
    <file href="resumen.html"/> 
    <file href="exe_html5.js"/>
    <file href="map_1639329002258.png"/>
    <dependency identifierref="COMMON_FILES"/>
  </resource>
  <resource identifier="COMMON_FILES" type="webcontent" adlcp:scormtype="asset">
    <file href="config.xml"/>
    <file href="content.css"/>
    <file href="icon_activity.png"/>
    <file href="icon_agreement.png"/>
    <file href="icon_alert.png"/>
    <file href="icon_arts.png"/>
    <file href="icon_ask.png"/>
    <file href="icon_book.png"/>
    <file href="icon_calculate.png"/>
    <file href="icon_case.png"/>
    <file href="icon_collaborative.png"/>
    <file href="icon_competencies.png"/>
    <file href="icon_diary.png"/>
    <file href="icon_discuss.png"/>
    <file href="icon_download.png"/>
    <file href="icon_draw.png"/>
    <file href="icon_english.png"/>
    <file href="icon_experiment.png"/>
    <file href="icon_explore.png"/>
    <file href="icon_file.png"/>
    <file href="icon_gallery.png"/>
    <file href="icon_geography.png"/>
    <file href="icon_history.png"/>
    <file href="icon_info.png"/>
    <file href="icon_interactive.png"/>
    <file href="icon_letters.png"/>
    <file href="icon_listen.png"/>
    <file href="icon_math.png"/>
    <file href="icon_music.png"/>
    <file href="icon_nature.png"/>
    <file href="icon_objectives.png"/>
    <file href="icon_observe.png"/>
    <file href="icon_perform.png"/>
    <file href="icon_piece.png"/>
    <file href="icon_pieces.png"/>
    <file href="icon_play.png"/>
    <file href="icon_present.png"/>
    <file href="icon_reflection.png"/>
    <file href="icon_share.png"/>
    <file href="icon_sport.png"/>
    <file href="icon_start.png"/>
    <file href="icon_technology.png"/>
    <file href="icon_think.png"/>
    <file href="icon_video.png"/>
    <file href="nav.css"/>
    <file href="quicksand-regular-latin-ext.woff2"/>
    <file href="quicksand-regular-latin.woff2"/>
    <file href="quicksand-regular-vietnamese.woff2"/>
    <file href="_cedec_external_link.png"/>
    <file href="_cedec_icons.png"/>
    <file href="_cedec_icon_alert.png"/>
    <file href="_cedec_icon_danger.png"/>
    <file href="_cedec_icon_info.png"/>
    <file href="_cedec_icon_success.png"/>
    <file href="_cedec_icon_warning.png"/>
    <file href="_cedec_js.js"/>
    <file href="_cedec_left_column.gif"/>
    <file href="_cedec_licenses.gif"/>
    <file href="_cedec_loading.gif"/>
    <file href="_cedec_menu.gif"/>
    <file href="_cedec_pbl_duration.png"/>
    <file href="_cedec_pbl_participants.png"/>
    <file href="_cedec_print.gif"/>
    <file href="base.css"/>
    <file href="popup_bg.gif"/>
    <file href="SCORM_API_wrapper.js"/>
    <file href="SCOFunctions.js"/>
    <file href="common.js"/>
    <file href="common_i18n.js"/>
    <file href="exe_jquery.js"/>
    <file href="content.xsd"/>
    <file href="content.data"/>
    <file href="contentv3.xml"/>
    <file href="imslrm.xml"/>
  </resource>
</resources>
</manifest>
