<?xml version="1.0" encoding="UTF-8"?>
<!-- Generated by eXe - http://exelearning.net -->
<manifest identifier="eXeUT_560c9975c262fd5079d1" xmlns="http://www.imsproject.org/xsd/imscp_rootv1p1p2" xmlns:adlcp="http://www.adlnet.org/xsd/adlcp_rootv1p2" xmlns:imsmd="http://www.imsglobal.org/xsd/imsmd_v1p2" xmlns:xsi="http://www.w3.org/2001/XMLSchema-instance" xsi:schemaLocation="http://www.imsproject.org/xsd/imscp_rootv1p1p2 imscp_rootv1p1p2.xsd http://www.imsglobal.org/xsd/imsmd_rootv1p2p1 imsmd_rootv1p2p1.xsd http://www.adlnet.org/xsd/adlcp_rootv1p2 adlcp_rootv1p2.xsd" > 
<metadata> 
 <schema>ADL SCORM</schema> 
 <schemaversion>1.2</schemaversion> 
 <adlcp:location>imslrm.xml</adlcp:location> 
</metadata> 
<organizations default="eXeUT_560c9975c262fd5079d2">  
    <organization identifier="eXeUT_560c9975c262fd5079d2" structure="hierarchical">
        <title>1º DAW - Programación - UT 5</title>
<item identifier="ITEM-eXeUT_560c9975c262fd5079d3" isvisible="true" identifierref="RES-eXeUT_560c9975c262fd5079d4">
    <title>U.T. 5 POO en Python (I)</title>
<item identifier="ITEM-eXeUT_560c9975c262fd5079d5" isvisible="true" identifierref="RES-eXeUT_560c9975c262fd5079d6">
    <title>Orientaciones</title>
</item>
<item identifier="ITEM-eXeUT_560c9975c262fd5079d7" isvisible="true" identifierref="RES-eXeUT_560c9975c262fd5079d8">
    <title>4.1. Clases</title>
<item identifier="ITEM-eXeUT_560c9975c262fd5079e9" isvisible="true" identifierref="RES-eXeUT_560c9975c262fd5079ea">
    <title>4.1.1. Visibilidad</title>
</item>
<item identifier="ITEM-eXeUT_560c9975c262fd5079eb" isvisible="true" identifierref="RES-eXeUT_560c9975c262fd5079ec">
    <title>4.1.2. Definición</title>
</item>
<item identifier="ITEM-eXeUT_560c9975c262fd5079ed" isvisible="true" identifierref="RES-eXeUT_560c9975c262fd5079ee">
    <title>4.1.3. Nombrado de las clases</title>
</item>
<item identifier="ITEM-eXeUT_560c9975c262fd5079ef" isvisible="true" identifierref="RES-eXeUT_560c9975c262fd5079e10">
    <title>4.1.4. Creación y utilización de atributos.</title>
</item>
<item identifier="ITEM-eXeUT_560c9975c262fd5079f11" isvisible="true" identifierref="RES-eXeUT_560c9975c262fd5079f12">
    <title>4.1.5. Ejercicios</title>
</item>
<item identifier="ITEM-eXeUT_560c9975c262fd5079f13" isvisible="true" identifierref="RES-eXeUT_560c9975c262fd5079f14">
    <title>4.1.6. Creación y utilización de métodos.</title>
<item identifier="ITEM-eXeUT_560c9975c262fd5079f15" isvisible="true" identifierref="RES-eXeUT_560c9975c262fd5079f16">
    <title>Definición</title>
</item>
<item identifier="ITEM-eXeUT_560c9975c262fd507a017" isvisible="true" identifierref="RES-eXeUT_560c9975c262fd507a018">
    <title>Parámetros</title>
</item>
<item identifier="ITEM-eXeUT_560c9975c262fd507a019" isvisible="true" identifierref="RES-eXeUT_560c9975c262fd507a01a">
    <title>Parámetros por defecto</title>
</item>
<item identifier="ITEM-eXeUT_560c9975c262fd507a01b" isvisible="true" identifierref="RES-eXeUT_560c9975c262fd507a01c">
    <title>Paso de parámetros por palabras clave</title>
</item>
<item identifier="ITEM-eXeUT_560c9975c262fd507a01d" isvisible="true" identifierref="RES-eXeUT_560c9975c262fd507a01e">
    <title>Número indeterminado de parámetros</title>
</item>
<item identifier="ITEM-eXeUT_560c9975c262fd507a01f" isvisible="true" identifierref="RES-eXeUT_560c9975c262fd507a020">
    <title>Desempaquetado de parámetros</title>
</item>
<item identifier="ITEM-eXeUT_560c9975c262fd507a121" isvisible="true" identifierref="RES-eXeUT_560c9975c262fd507a122">
    <title>Sugerencias de tipos en los parámetros</title>
</item>
<item identifier="ITEM-eXeUT_560c9975c262fd507a123" isvisible="true" identifierref="RES-eXeUT_560c9975c262fd507a124">
    <title>Devolución de valores</title>
</item>
<item identifier="ITEM-eXeUT_560c9975c262fd507a125" isvisible="true" identifierref="RES-eXeUT_560c9975c262fd507a126">
    <title>Funciones lambda o anónimas</title>
</item>
<item identifier="ITEM-eXeUT_560c9975c262fd507a127" isvisible="true" identifierref="RES-eXeUT_560c9975c262fd507a128">
    <title>Paso de métodos a funciones</title>
</item>
<item identifier="ITEM-eXeUT_560c9975c262fd507a129" isvisible="true" identifierref="RES-eXeUT_560c9975c262fd507a12a">
    <title>Creación y utilización de constructores y destructores</title>
</item>
<item identifier="ITEM-eXeUT_560c9975c262fd507a12b" isvisible="true" identifierref="RES-eXeUT_560c9975c262fd507a12c">
    <title>Propiedades</title>
</item>
<item identifier="ITEM-eXeUT_560c9975c262fd507a12d" isvisible="true" identifierref="RES-eXeUT_560c9975c262fd507a12e">
    <title>Ejemplos</title>
</item>
</item>
<item identifier="ITEM-eXeUT_560c9975c262fd507a22f" isvisible="true" identifierref="RES-eXeUT_560c9975c262fd507a230">
    <title>4.1.7. Ejercicio</title>
</item>
</item>
<item identifier="ITEM-eXeUT_560c9975c262fd507a231" isvisible="true" identifierref="RES-eXeUT_560c9975c262fd507a232">
    <title>4.2. Objetos</title>
<item identifier="ITEM-eXeUT_560c9975c262fd507a233" isvisible="true" identifierref="RES-eXeUT_560c9975c262fd507a234">
    <title>4.2.1. Creación y uso de objetos</title>
</item>
<item identifier="ITEM-eXeUT_560c9975c262fd507a235" isvisible="true" identifierref="RES-eXeUT_560c9975c262fd507a236">
    <title>4.2.2. Visibilidad</title>
</item>
<item identifier="ITEM-eXeUT_560c9975c262fd507a337" isvisible="true" identifierref="RES-eXeUT_560c9975c262fd507a338">
    <title>4.2.3. Ejercicio</title>
</item>
</item>
<item identifier="ITEM-eXeUT_560c9975c262fd507a339" isvisible="true" identifierref="RES-eXeUT_560c9975c262fd507a33a">
    <title>4.3. Paquetes</title>
<item identifier="ITEM-eXeUT_560c9975c262fd507a33b" isvisible="true" identifierref="RES-eXeUT_560c9975c262fd507a33c">
    <title>4.3.1. Módulos</title>
</item>
<item identifier="ITEM-eXeUT_560c9975c262fd507a33d" isvisible="true" identifierref="RES-eXeUT_560c9975c262fd507a33e">
    <title>4.3.2. Paquete</title>
</item>
<item identifier="ITEM-eXeUT_560c9975c262fd507a33f" isvisible="true" identifierref="RES-eXeUT_560c9975c262fd507a340">
    <title>4.3.3. Ejemplo</title>
</item>
<item identifier="ITEM-eXeUT_560c9975c262fd507a341" isvisible="true" identifierref="RES-eXeUT_560c9975c262fd507a342">
    <title>4.3.4. Uso de import</title>
</item>
</item>
<item identifier="ITEM-eXeUT_560c9975c262fd507a343" isvisible="true" identifierref="RES-eXeUT_560c9975c262fd507a344">
    <title>4.4. Destrucción de objetos y Liberación de memoria</title>
<item identifier="ITEM-eXeUT_560c9975c262fd507a445" isvisible="true" identifierref="RES-eXeUT_560c9975c262fd507a446">
    <title>4.4.1 La gestión del recolector de basuras</title>
</item>
</item>
<item identifier="ITEM-eXeUT_560c9975c262fd507a447" isvisible="true" identifierref="RES-eXeUT_560c9975c262fd507a448">
    <title>4.5. Librería estándar</title>
<item identifier="ITEM-eXeUT_560c9975c262fd507a449" isvisible="true" identifierref="RES-eXeUT_560c9975c262fd507a44a">
    <title>4.5.1 Cadenas, clase str</title>
<item identifier="ITEM-eXeUT_560c9975c262fd507a44b" isvisible="true" identifierref="RES-eXeUT_560c9975c262fd507a44c">
    <title>Cadenas de caracteres.</title>
</item>
<item identifier="ITEM-eXeUT_560c9975c262fd507a44d" isvisible="true" identifierref="RES-eXeUT_560c9975c262fd507a44e">
    <title>Ejercicios</title>
</item>
<item identifier="ITEM-eXeUT_560c9975c262fd507a44f" isvisible="true" identifierref="RES-eXeUT_560c9975c262fd507a450">
    <title>Expresiones regulares.</title>
<item identifier="ITEM-eXeUT_560c9975c262fd507a551" isvisible="true" identifierref="RES-eXeUT_560c9975c262fd507a552">
    <title>Patrones</title>
</item>
<item identifier="ITEM-eXeUT_560c9975c262fd507a553" isvisible="true" identifierref="RES-eXeUT_560c9975c262fd507a554">
    <title>Metacaracteres</title>
</item>
<item identifier="ITEM-eXeUT_560c9975c262fd507a555" isvisible="true" identifierref="RES-eXeUT_560c9975c262fd507a556">
    <title>Elementos de una expresión</title>
</item>
<item identifier="ITEM-eXeUT_560c9975c262fd507a557" isvisible="true" identifierref="RES-eXeUT_560c9975c262fd507a558">
    <title>Ejemplos</title>
</item>
<item identifier="ITEM-eXeUT_560c9975c262fd507a559" isvisible="true" identifierref="RES-eXeUT_560c9975c262fd507a55a">
    <title>Módulo re</title>
</item>
</item>
</item>
<item identifier="ITEM-eXeUT_560c9975c262fd507a65b" isvisible="true" identifierref="RES-eXeUT_560c9975c262fd507a65c">
    <title>4.5.2. Math</title>
</item>
<item identifier="ITEM-eXeUT_560c9975c262fd507a65d" isvisible="true" identifierref="RES-eXeUT_560c9975c262fd507a65e">
    <title>4.5.3. Pandas</title>
</item>
<item identifier="ITEM-eXeUT_560c9975c262fd507a65f" isvisible="true" identifierref="RES-eXeUT_560c9975c262fd507a660">
    <title>4.5.4. NumPy</title>
</item>
<item identifier="ITEM-eXeUT_560c9975c262fd507a661" isvisible="true" identifierref="RES-eXeUT_560c9975c262fd507a662">
    <title>4.5.5. Mathplotlib</title>
</item>
</item>
<item identifier="ITEM-eXeUT_560c9975c262fd507a663" isvisible="true" identifierref="RES-eXeUT_560c9975c262fd507a664">
    <title>4.6. Caso Práctico Dawbank</title>
</item>
<item identifier="ITEM-eXeUT_560c9975c262fd507a765" isvisible="true" identifierref="RES-eXeUT_560c9975c262fd507a766">
    <title>Resumen</title>
</item>
</item>
  </organization>
</organizations>
<resources>
  <resource identifier="RES-eXeUT_560c9975c262fd5079d4" type="webcontent" adlcp:scormtype="sco" href="index.html"> 
    <file href="index.html"/> 
    <file href="exe_html5.js"/>
    <dependency identifierref="COMMON_FILES"/>
  </resource>
  <resource identifier="RES-eXeUT_560c9975c262fd5079d6" type="webcontent" adlcp:scormtype="sco" href="orientaciones.html"> 
    <file href="orientaciones.html"/> 
    <file href="exe_html5.js"/>
    <dependency identifierref="COMMON_FILES"/>
  </resource>
  <resource identifier="RES-eXeUT_560c9975c262fd5079d8" type="webcontent" adlcp:scormtype="sco" href="41_clases.html"> 
    <file href="41_clases.html"/> 
    <file href="exe_html5.js"/>
    <file href="01.png"/>
    <file href="00.png"/>
    <file href="common.js"/>
    <dependency identifierref="COMMON_FILES"/>
  </resource>
  <resource identifier="RES-eXeUT_560c9975c262fd5079ea" type="webcontent" adlcp:scormtype="sco" href="411_visibilidad.html"> 
    <file href="411_visibilidad.html"/> 
    <file href="exe_html5.js"/>
    <file href="02.png"/>
    <dependency identifierref="COMMON_FILES"/>
  </resource>
  <resource identifier="RES-eXeUT_560c9975c262fd5079ec" type="webcontent" adlcp:scormtype="sco" href="412_definicin.html"> 
    <file href="412_definicin.html"/> 
    <file href="exe_html5.js"/>
    <file href="common.js"/>
    <dependency identifierref="COMMON_FILES"/>
  </resource>
  <resource identifier="RES-eXeUT_560c9975c262fd5079ee" type="webcontent" adlcp:scormtype="sco" href="413_nombrado_de_las_clases.html"> 
    <file href="413_nombrado_de_las_clases.html"/> 
    <file href="exe_html5.js"/>
    <dependency identifierref="COMMON_FILES"/>
  </resource>
  <resource identifier="RES-eXeUT_560c9975c262fd5079e10" type="webcontent" adlcp:scormtype="sco" href="414_creacin_y_utilizacin_de_atributos.html"> 
    <file href="414_creacin_y_utilizacin_de_atributos.html"/> 
    <file href="exe_html5.js"/>
    <dependency identifierref="COMMON_FILES"/>
  </resource>
  <resource identifier="RES-eXeUT_560c9975c262fd5079f12" type="webcontent" adlcp:scormtype="sco" href="415_ejercicios.html"> 
    <file href="415_ejercicios.html"/> 
    <file href="exe_html5.js"/>
    <dependency identifierref="COMMON_FILES"/>
  </resource>
  <resource identifier="RES-eXeUT_560c9975c262fd5079f14" type="webcontent" adlcp:scormtype="sco" href="416_creacin_y_utilizacin_de_mtodos.html"> 
    <file href="416_creacin_y_utilizacin_de_mtodos.html"/> 
    <file href="exe_html5.js"/>
    <file href="common.js"/>
    <dependency identifierref="COMMON_FILES"/>
  </resource>
  <resource identifier="RES-eXeUT_560c9975c262fd5079f16" type="webcontent" adlcp:scormtype="sco" href="definicin.html"> 
    <file href="definicin.html"/> 
    <file href="exe_html5.js"/>
    <dependency identifierref="COMMON_FILES"/>
  </resource>
  <resource identifier="RES-eXeUT_560c9975c262fd507a018" type="webcontent" adlcp:scormtype="sco" href="parmetros.html"> 
    <file href="parmetros.html"/> 
    <file href="exe_html5.js"/>
    <file href="03.gif"/>
    <dependency identifierref="COMMON_FILES"/>
  </resource>
  <resource identifier="RES-eXeUT_560c9975c262fd507a01a" type="webcontent" adlcp:scormtype="sco" href="parmetros_por_defecto.html"> 
    <file href="parmetros_por_defecto.html"/> 
    <file href="exe_html5.js"/>
    <dependency identifierref="COMMON_FILES"/>
  </resource>
  <resource identifier="RES-eXeUT_560c9975c262fd507a01c" type="webcontent" adlcp:scormtype="sco" href="paso_de_parmetros_por_palabras_clave.html"> 
    <file href="paso_de_parmetros_por_palabras_clave.html"/> 
    <file href="exe_html5.js"/>
    <dependency identifierref="COMMON_FILES"/>
  </resource>
  <resource identifier="RES-eXeUT_560c9975c262fd507a01e" type="webcontent" adlcp:scormtype="sco" href="nmero_indeterminado_de_parmetros.html"> 
    <file href="nmero_indeterminado_de_parmetros.html"/> 
    <file href="exe_html5.js"/>
    <dependency identifierref="COMMON_FILES"/>
  </resource>
  <resource identifier="RES-eXeUT_560c9975c262fd507a020" type="webcontent" adlcp:scormtype="sco" href="desempaquetado_de_parmetros.html"> 
    <file href="desempaquetado_de_parmetros.html"/> 
    <file href="exe_html5.js"/>
    <dependency identifierref="COMMON_FILES"/>
  </resource>
  <resource identifier="RES-eXeUT_560c9975c262fd507a122" type="webcontent" adlcp:scormtype="sco" href="sugerencias_de_tipos_en_los_parmetros.html"> 
    <file href="sugerencias_de_tipos_en_los_parmetros.html"/> 
    <file href="exe_html5.js"/>
    <dependency identifierref="COMMON_FILES"/>
  </resource>
  <resource identifier="RES-eXeUT_560c9975c262fd507a124" type="webcontent" adlcp:scormtype="sco" href="devolucin_de_valores.html"> 
    <file href="devolucin_de_valores.html"/> 
    <file href="exe_html5.js"/>
    <dependency identifierref="COMMON_FILES"/>
  </resource>
  <resource identifier="RES-eXeUT_560c9975c262fd507a126" type="webcontent" adlcp:scormtype="sco" href="funciones_lambda_o_annimas.html"> 
    <file href="funciones_lambda_o_annimas.html"/> 
    <file href="exe_html5.js"/>
    <dependency identifierref="COMMON_FILES"/>
  </resource>
  <resource identifier="RES-eXeUT_560c9975c262fd507a128" type="webcontent" adlcp:scormtype="sco" href="paso_de_mtodos_a_funciones.html"> 
    <file href="paso_de_mtodos_a_funciones.html"/> 
    <file href="exe_html5.js"/>
    <dependency identifierref="COMMON_FILES"/>
  </resource>
  <resource identifier="RES-eXeUT_560c9975c262fd507a12a" type="webcontent" adlcp:scormtype="sco" href="creacin_y_utilizacin_de_constructores_y_destructores.html"> 
    <file href="creacin_y_utilizacin_de_constructores_y_destructores.html"/> 
    <file href="exe_html5.js"/>
    <dependency identifierref="COMMON_FILES"/>
  </resource>
  <resource identifier="RES-eXeUT_560c9975c262fd507a12c" type="webcontent" adlcp:scormtype="sco" href="propiedades.html"> 
    <file href="propiedades.html"/> 
    <file href="exe_html5.js"/>
    <dependency identifierref="COMMON_FILES"/>
  </resource>
  <resource identifier="RES-eXeUT_560c9975c262fd507a12e" type="webcontent" adlcp:scormtype="sco" href="ejemplos.html"> 
    <file href="ejemplos.html"/> 
    <file href="exe_html5.js"/>
    <file href="05.png"/>
    <file href="04.png"/>
    <dependency identifierref="COMMON_FILES"/>
  </resource>
  <resource identifier="RES-eXeUT_560c9975c262fd507a230" type="webcontent" adlcp:scormtype="sco" href="417_ejercicio.html"> 
    <file href="417_ejercicio.html"/> 
    <file href="exe_html5.js"/>
    <file href="08.png"/>
    <dependency identifierref="COMMON_FILES"/>
  </resource>
  <resource identifier="RES-eXeUT_560c9975c262fd507a232" type="webcontent" adlcp:scormtype="sco" href="42_objetos.html"> 
    <file href="42_objetos.html"/> 
    <file href="exe_html5.js"/>
    <file href="06.png"/>
    <dependency identifierref="COMMON_FILES"/>
  </resource>
  <resource identifier="RES-eXeUT_560c9975c262fd507a234" type="webcontent" adlcp:scormtype="sco" href="421_creacin_y_uso_de_objetos.html"> 
    <file href="421_creacin_y_uso_de_objetos.html"/> 
    <file href="exe_html5.js"/>
    <dependency identifierref="COMMON_FILES"/>
  </resource>
  <resource identifier="RES-eXeUT_560c9975c262fd507a236" type="webcontent" adlcp:scormtype="sco" href="422_visibilidad.html"> 
    <file href="422_visibilidad.html"/> 
    <file href="exe_html5.js"/>
    <file href="02.png"/>
    <dependency identifierref="COMMON_FILES"/>
  </resource>
  <resource identifier="RES-eXeUT_560c9975c262fd507a338" type="webcontent" adlcp:scormtype="sco" href="423_ejercicio.html"> 
    <file href="423_ejercicio.html"/> 
    <file href="exe_html5.js"/>
    <file href="07.png"/>
    <dependency identifierref="COMMON_FILES"/>
  </resource>
  <resource identifier="RES-eXeUT_560c9975c262fd507a33a" type="webcontent" adlcp:scormtype="sco" href="43_paquetes.html"> 
    <file href="43_paquetes.html"/> 
    <file href="exe_html5.js"/>
    <dependency identifierref="COMMON_FILES"/>
  </resource>
  <resource identifier="RES-eXeUT_560c9975c262fd507a33c" type="webcontent" adlcp:scormtype="sco" href="431_mdulos.html"> 
    <file href="431_mdulos.html"/> 
    <file href="exe_html5.js"/>
    <dependency identifierref="COMMON_FILES"/>
  </resource>
  <resource identifier="RES-eXeUT_560c9975c262fd507a33e" type="webcontent" adlcp:scormtype="sco" href="432_paquete.html"> 
    <file href="432_paquete.html"/> 
    <file href="exe_html5.js"/>
    <dependency identifierref="COMMON_FILES"/>
  </resource>
  <resource identifier="RES-eXeUT_560c9975c262fd507a340" type="webcontent" adlcp:scormtype="sco" href="433_ejemplo.html"> 
    <file href="433_ejemplo.html"/> 
    <file href="exe_html5.js"/>
    <file href="09.png"/>
    <dependency identifierref="COMMON_FILES"/>
  </resource>
  <resource identifier="RES-eXeUT_560c9975c262fd507a342" type="webcontent" adlcp:scormtype="sco" href="434_uso_de_import.html"> 
    <file href="434_uso_de_import.html"/> 
    <file href="exe_html5.js"/>
    <dependency identifierref="COMMON_FILES"/>
  </resource>
  <resource identifier="RES-eXeUT_560c9975c262fd507a344" type="webcontent" adlcp:scormtype="sco" href="44_destruccin_de_objetos_y_liberacin_de_memoria.html"> 
    <file href="44_destruccin_de_objetos_y_liberacin_de_memoria.html"/> 
    <file href="exe_html5.js"/>
    <dependency identifierref="COMMON_FILES"/>
  </resource>
  <resource identifier="RES-eXeUT_560c9975c262fd507a446" type="webcontent" adlcp:scormtype="sco" href="441_la_gestin_del_recolector_de_basuras.html"> 
    <file href="441_la_gestin_del_recolector_de_basuras.html"/> 
    <file href="exe_html5.js"/>
    <dependency identifierref="COMMON_FILES"/>
  </resource>
  <resource identifier="RES-eXeUT_560c9975c262fd507a448" type="webcontent" adlcp:scormtype="sco" href="45_librera_estndar.html"> 
    <file href="45_librera_estndar.html"/> 
    <file href="exe_html5.js"/>
    <dependency identifierref="COMMON_FILES"/>
  </resource>
  <resource identifier="RES-eXeUT_560c9975c262fd507a44a" type="webcontent" adlcp:scormtype="sco" href="451_cadenas_clase_str.html"> 
    <file href="451_cadenas_clase_str.html"/> 
    <file href="exe_html5.js"/>
    <file href="common.js"/>
    <dependency identifierref="COMMON_FILES"/>
  </resource>
  <resource identifier="RES-eXeUT_560c9975c262fd507a44c" type="webcontent" adlcp:scormtype="sco" href="cadenas_de_caracteres.html"> 
    <file href="cadenas_de_caracteres.html"/> 
    <file href="exe_html5.js"/>
    <dependency identifierref="COMMON_FILES"/>
  </resource>
  <resource identifier="RES-eXeUT_560c9975c262fd507a44e" type="webcontent" adlcp:scormtype="sco" href="ejercicios.html"> 
    <file href="ejercicios.html"/> 
    <file href="exe_html5.js"/>
    <dependency identifierref="COMMON_FILES"/>
  </resource>
  <resource identifier="RES-eXeUT_560c9975c262fd507a450" type="webcontent" adlcp:scormtype="sco" href="expresiones_regulares.html"> 
    <file href="expresiones_regulares.html"/> 
    <file href="exe_html5.js"/>
    <dependency identifierref="COMMON_FILES"/>
  </resource>
  <resource identifier="RES-eXeUT_560c9975c262fd507a552" type="webcontent" adlcp:scormtype="sco" href="patrones.html"> 
    <file href="patrones.html"/> 
    <file href="exe_html5.js"/>
    <dependency identifierref="COMMON_FILES"/>
  </resource>
  <resource identifier="RES-eXeUT_560c9975c262fd507a554" type="webcontent" adlcp:scormtype="sco" href="metacaracteres.html"> 
    <file href="metacaracteres.html"/> 
    <file href="exe_html5.js"/>
    <dependency identifierref="COMMON_FILES"/>
  </resource>
  <resource identifier="RES-eXeUT_560c9975c262fd507a556" type="webcontent" adlcp:scormtype="sco" href="elementos_de_una_expresin.html"> 
    <file href="elementos_de_una_expresin.html"/> 
    <file href="exe_html5.js"/>
    <file href="10.png"/>
    <dependency identifierref="COMMON_FILES"/>
  </resource>
  <resource identifier="RES-eXeUT_560c9975c262fd507a558" type="webcontent" adlcp:scormtype="sco" href="ejemplos0.html"> 
    <file href="ejemplos0.html"/> 
    <file href="exe_html5.js"/>
    <dependency identifierref="COMMON_FILES"/>
  </resource>
  <resource identifier="RES-eXeUT_560c9975c262fd507a55a" type="webcontent" adlcp:scormtype="sco" href="mdulo_re.html"> 
    <file href="mdulo_re.html"/> 
    <file href="exe_html5.js"/>
    <dependency identifierref="COMMON_FILES"/>
  </resource>
  <resource identifier="RES-eXeUT_560c9975c262fd507a65c" type="webcontent" adlcp:scormtype="sco" href="452_math.html"> 
    <file href="452_math.html"/> 
    <file href="exe_html5.js"/>
    <dependency identifierref="COMMON_FILES"/>
  </resource>
  <resource identifier="RES-eXeUT_560c9975c262fd507a65e" type="webcontent" adlcp:scormtype="sco" href="453_pandas.html"> 
    <file href="453_pandas.html"/> 
    <file href="exe_html5.js"/>
    <dependency identifierref="COMMON_FILES"/>
  </resource>
  <resource identifier="RES-eXeUT_560c9975c262fd507a660" type="webcontent" adlcp:scormtype="sco" href="454_numpy.html"> 
    <file href="454_numpy.html"/> 
    <file href="exe_html5.js"/>
    <dependency identifierref="COMMON_FILES"/>
  </resource>
  <resource identifier="RES-eXeUT_560c9975c262fd507a662" type="webcontent" adlcp:scormtype="sco" href="455_mathplotlib.html"> 
    <file href="455_mathplotlib.html"/> 
    <file href="exe_html5.js"/>
    <file href="11.png"/>
    <dependency identifierref="COMMON_FILES"/>
  </resource>
  <resource identifier="RES-eXeUT_560c9975c262fd507a664" type="webcontent" adlcp:scormtype="sco" href="46_caso_prctico_dawbank.html"> 
    <file href="46_caso_prctico_dawbank.html"/> 
    <file href="exe_html5.js"/>
    <dependency identifierref="COMMON_FILES"/>
  </resource>
  <resource identifier="RES-eXeUT_560c9975c262fd507a766" type="webcontent" adlcp:scormtype="sco" href="resumen.html"> 
    <file href="resumen.html"/> 
    <file href="exe_html5.js"/>
    <file href="map_1640112422716.png"/>
    <dependency identifierref="COMMON_FILES"/>
  </resource>
  <resource identifier="COMMON_FILES" type="webcontent" adlcp:scormtype="asset">
    <file href="config.xml"/>
    <file href="content.css"/>
    <file href="icon_activity.png"/>
    <file href="icon_agreement.png"/>
    <file href="icon_alert.png"/>
    <file href="icon_arts.png"/>
    <file href="icon_ask.png"/>
    <file href="icon_book.png"/>
    <file href="icon_calculate.png"/>
    <file href="icon_case.png"/>
    <file href="icon_collaborative.png"/>
    <file href="icon_competencies.png"/>
    <file href="icon_diary.png"/>
    <file href="icon_discuss.png"/>
    <file href="icon_download.png"/>
    <file href="icon_draw.png"/>
    <file href="icon_english.png"/>
    <file href="icon_experiment.png"/>
    <file href="icon_explore.png"/>
    <file href="icon_file.png"/>
    <file href="icon_gallery.png"/>
    <file href="icon_geography.png"/>
    <file href="icon_history.png"/>
    <file href="icon_info.png"/>
    <file href="icon_interactive.png"/>
    <file href="icon_letters.png"/>
    <file href="icon_listen.png"/>
    <file href="icon_math.png"/>
    <file href="icon_music.png"/>
    <file href="icon_nature.png"/>
    <file href="icon_objectives.png"/>
    <file href="icon_observe.png"/>
    <file href="icon_perform.png"/>
    <file href="icon_piece.png"/>
    <file href="icon_pieces.png"/>
    <file href="icon_play.png"/>
    <file href="icon_present.png"/>
    <file href="icon_reflection.png"/>
    <file href="icon_share.png"/>
    <file href="icon_sport.png"/>
    <file href="icon_start.png"/>
    <file href="icon_technology.png"/>
    <file href="icon_think.png"/>
    <file href="icon_video.png"/>
    <file href="nav.css"/>
    <file href="quicksand-regular-latin-ext.woff2"/>
    <file href="quicksand-regular-latin.woff2"/>
    <file href="quicksand-regular-vietnamese.woff2"/>
    <file href="_cedec_external_link.png"/>
    <file href="_cedec_icons.png"/>
    <file href="_cedec_icon_alert.png"/>
    <file href="_cedec_icon_danger.png"/>
    <file href="_cedec_icon_info.png"/>
    <file href="_cedec_icon_success.png"/>
    <file href="_cedec_icon_warning.png"/>
    <file href="_cedec_js.js"/>
    <file href="_cedec_left_column.gif"/>
    <file href="_cedec_licenses.gif"/>
    <file href="_cedec_loading.gif"/>
    <file href="_cedec_menu.gif"/>
    <file href="_cedec_pbl_duration.png"/>
    <file href="_cedec_pbl_participants.png"/>
    <file href="_cedec_print.gif"/>
    <file href="base.css"/>
    <file href="popup_bg.gif"/>
    <file href="SCORM_API_wrapper.js"/>
    <file href="SCOFunctions.js"/>
    <file href="common.js"/>
    <file href="common_i18n.js"/>
    <file href="exe_jquery.js"/>
    <file href="content.xsd"/>
    <file href="content.data"/>
    <file href="contentv3.xml"/>
    <file href="imslrm.xml"/>
  </resource>
</resources>
</manifest>
