<?xml version="1.0" encoding="UTF-8"?>
<!-- Generated by eXe - http://exelearning.net -->
<manifest identifier="eXeUT_860c9975c2632e1fbab27" xmlns="http://www.imsproject.org/xsd/imscp_rootv1p1p2" xmlns:adlcp="http://www.adlnet.org/xsd/adlcp_rootv1p2" xmlns:imsmd="http://www.imsglobal.org/xsd/imsmd_v1p2" xmlns:xsi="http://www.w3.org/2001/XMLSchema-instance" xsi:schemaLocation="http://www.imsproject.org/xsd/imscp_rootv1p1p2 imscp_rootv1p1p2.xsd http://www.imsglobal.org/xsd/imsmd_rootv1p2p1 imsmd_rootv1p2p1.xsd http://www.adlnet.org/xsd/adlcp_rootv1p2 adlcp_rootv1p2.xsd" > 
<metadata> 
 <schema>ADL SCORM</schema> 
 <schemaversion>1.2</schemaversion> 
 <adlcp:location>imslrm.xml</adlcp:location> 
</metadata> 
<organizations default="eXeUT_860c9975c2632e1fbab28">  
    <organization identifier="eXeUT_860c9975c2632e1fbab28" structure="hierarchical">
        <title>1º DAW - Programación - UT 8</title>
<item identifier="ITEM-eXeUT_860c9975c2632e1fbab29" isvisible="true" identifierref="RES-eXeUT_860c9975c2632e1fbab2a">
    <title>U.T. 8 Gestión de datos</title>
<item identifier="ITEM-eXeUT_860c9975c2632e1fbab2b" isvisible="true" identifierref="RES-eXeUT_860c9975c2632e1fbab2c">
    <title>Orientaciones</title>
</item>
<item identifier="ITEM-eXeUT_860c9975c2632e1fbac2d" isvisible="true" identifierref="RES-eXeUT_860c9975c2632e1fbac2e">
    <title>8.1. Ficheros</title>
<item identifier="ITEM-eXeUT_860c9975c2632e1fbac2f" isvisible="true" identifierref="RES-eXeUT_860c9975c2632e1fbac30">
    <title>8.1.1. Qué son los flujos</title>
</item>
<item identifier="ITEM-eXeUT_860c9975c2632e1fbad31" isvisible="true" identifierref="RES-eXeUT_860c9975c2632e1fbad32">
    <title>8.1.2. Acceso a ficheros de Texto y Binarios</title>
</item>
<item identifier="ITEM-eXeUT_860c9975c2632e1fbad33" isvisible="true" identifierref="RES-eXeUT_860c9975c2632e1fbad34">
    <title>8.1.3. Uso de with con ficheros</title>
</item>
<item identifier="ITEM-eXeUT_860c9975c2632e1fbad35" isvisible="true" identifierref="RES-eXeUT_860c9975c2632e1fbad36">
    <title>8.1.4. Escritura y lectura de información en ficheros</title>
</item>
<item identifier="ITEM-eXeUT_860c9975c2632e1fbad37" isvisible="true" identifierref="RES-eXeUT_860c9975c2632e1fbad38">
    <title>8.1.5. Ejemplos</title>
</item>
<item identifier="ITEM-eXeUT_860c9975c2632e1fbae39" isvisible="true" identifierref="RES-eXeUT_860c9975c2632e1fbae3a">
    <title>8.1.6. Resumen</title>
</item>
<item identifier="ITEM-eXeUT_860c9975c2632e1fbae3b" isvisible="true" identifierref="RES-eXeUT_860c9975c2632e1fbae3c">
    <title>8.1.7. Ejercicios</title>
</item>
<item identifier="ITEM-eXeUT_860c9975c2632e1fbae3d" isvisible="true" identifierref="RES-eXeUT_860c9975c2632e1fbae3e">
    <title>8.1.8. Serialización</title>
</item>
<item identifier="ITEM-eXeUT_860c9975c2632e1fbae3f" isvisible="true" identifierref="RES-eXeUT_860c9975c2632e1fbae40">
    <title>8.1.9. Utilización de los sistemas de ficheros</title>
</item>
<item identifier="ITEM-eXeUT_860c9975c2632e1fbae41" isvisible="true" identifierref="RES-eXeUT_860c9975c2632e1fbae42">
    <title>8.1.10 Ejercicios</title>
</item>
</item>
<item identifier="ITEM-eXeUT_860c9975c2632e1fbaf43" isvisible="true" identifierref="RES-eXeUT_860c9975c2632e1fbaf44">
    <title>8.2. Bases de Datos</title>
<item identifier="ITEM-eXeUT_860c9975c2632e1fbaf45" isvisible="true" identifierref="RES-eXeUT_860c9975c2632e1fbaf46">
    <title>8.2.1 Ejemplos de consultas sobre la base de datos</title>
</item>
<item identifier="ITEM-eXeUT_860c9975c2632e1fbb047" isvisible="true" identifierref="RES-eXeUT_860c9975c2632e1fbb048">
    <title>8.2.2. Ejercicios</title>
</item>
</item>
<item identifier="ITEM-eXeUT_860c9975c2632e1fbb049" isvisible="true" identifierref="RES-eXeUT_860c9975c2632e1fbb04a">
    <title>8.3. XML</title>
</item>
<item identifier="ITEM-eXeUT_860c9975c2632e1fbb04b" isvisible="true" identifierref="RES-eXeUT_860c9975c2632e1fbb04c">
    <title>Resumen</title>
</item>
</item>
  </organization>
</organizations>
<resources>
  <resource identifier="RES-eXeUT_860c9975c2632e1fbab2a" type="webcontent" adlcp:scormtype="sco" href="index.html"> 
    <file href="index.html"/> 
    <file href="exe_html5.js"/>
    <dependency identifierref="COMMON_FILES"/>
  </resource>
  <resource identifier="RES-eXeUT_860c9975c2632e1fbab2c" type="webcontent" adlcp:scormtype="sco" href="orientaciones.html"> 
    <file href="orientaciones.html"/> 
    <file href="exe_html5.js"/>
    <dependency identifierref="COMMON_FILES"/>
  </resource>
  <resource identifier="RES-eXeUT_860c9975c2632e1fbac2e" type="webcontent" adlcp:scormtype="sco" href="81_ficheros.html"> 
    <file href="81_ficheros.html"/> 
    <file href="exe_html5.js"/>
    <file href="00.png"/>
    <dependency identifierref="COMMON_FILES"/>
  </resource>
  <resource identifier="RES-eXeUT_860c9975c2632e1fbac30" type="webcontent" adlcp:scormtype="sco" href="811_qu_son_los_flujos.html"> 
    <file href="811_qu_son_los_flujos.html"/> 
    <file href="exe_html5.js"/>
    <dependency identifierref="COMMON_FILES"/>
  </resource>
  <resource identifier="RES-eXeUT_860c9975c2632e1fbad32" type="webcontent" adlcp:scormtype="sco" href="812_acceso_a_ficheros_de_texto_y_binarios.html"> 
    <file href="812_acceso_a_ficheros_de_texto_y_binarios.html"/> 
    <file href="exe_html5.js"/>
    <file href="01.png"/>
    <file href="common.js"/>
    <dependency identifierref="COMMON_FILES"/>
  </resource>
  <resource identifier="RES-eXeUT_860c9975c2632e1fbad34" type="webcontent" adlcp:scormtype="sco" href="813_uso_de_with_con_ficheros.html"> 
    <file href="813_uso_de_with_con_ficheros.html"/> 
    <file href="exe_html5.js"/>
    <dependency identifierref="COMMON_FILES"/>
  </resource>
  <resource identifier="RES-eXeUT_860c9975c2632e1fbad36" type="webcontent" adlcp:scormtype="sco" href="814_escritura_y_lectura_de_informacin_en_ficheros.html"> 
    <file href="814_escritura_y_lectura_de_informacin_en_ficheros.html"/> 
    <file href="exe_html5.js"/>
    <dependency identifierref="COMMON_FILES"/>
  </resource>
  <resource identifier="RES-eXeUT_860c9975c2632e1fbad38" type="webcontent" adlcp:scormtype="sco" href="815_ejemplos.html"> 
    <file href="815_ejemplos.html"/> 
    <file href="exe_html5.js"/>
    <dependency identifierref="COMMON_FILES"/>
  </resource>
  <resource identifier="RES-eXeUT_860c9975c2632e1fbae3a" type="webcontent" adlcp:scormtype="sco" href="816_resumen.html"> 
    <file href="816_resumen.html"/> 
    <file href="exe_html5.js"/>
    <dependency identifierref="COMMON_FILES"/>
  </resource>
  <resource identifier="RES-eXeUT_860c9975c2632e1fbae3c" type="webcontent" adlcp:scormtype="sco" href="817_ejercicios.html"> 
    <file href="817_ejercicios.html"/> 
    <file href="exe_html5.js"/>
    <dependency identifierref="COMMON_FILES"/>
  </resource>
  <resource identifier="RES-eXeUT_860c9975c2632e1fbae3e" type="webcontent" adlcp:scormtype="sco" href="818_serializacin.html"> 
    <file href="818_serializacin.html"/> 
    <file href="exe_html5.js"/>
    <dependency identifierref="COMMON_FILES"/>
  </resource>
  <resource identifier="RES-eXeUT_860c9975c2632e1fbae40" type="webcontent" adlcp:scormtype="sco" href="819_utilizacin_de_los_sistemas_de_ficheros.html"> 
    <file href="819_utilizacin_de_los_sistemas_de_ficheros.html"/> 
    <file href="exe_html5.js"/>
    <dependency identifierref="COMMON_FILES"/>
  </resource>
  <resource identifier="RES-eXeUT_860c9975c2632e1fbae42" type="webcontent" adlcp:scormtype="sco" href="8110_ejercicios.html"> 
    <file href="8110_ejercicios.html"/> 
    <file href="exe_html5.js"/>
    <dependency identifierref="COMMON_FILES"/>
  </resource>
  <resource identifier="RES-eXeUT_860c9975c2632e1fbaf44" type="webcontent" adlcp:scormtype="sco" href="82_bases_de_datos.html"> 
    <file href="82_bases_de_datos.html"/> 
    <file href="exe_html5.js"/>
    <dependency identifierref="COMMON_FILES"/>
  </resource>
  <resource identifier="RES-eXeUT_860c9975c2632e1fbaf46" type="webcontent" adlcp:scormtype="sco" href="821_ejemplos_de_consultas_sobre_la_base_de_datos.html"> 
    <file href="821_ejemplos_de_consultas_sobre_la_base_de_datos.html"/> 
    <file href="exe_html5.js"/>
    <dependency identifierref="COMMON_FILES"/>
  </resource>
  <resource identifier="RES-eXeUT_860c9975c2632e1fbb048" type="webcontent" adlcp:scormtype="sco" href="822_ejercicios.html"> 
    <file href="822_ejercicios.html"/> 
    <file href="exe_html5.js"/>
    <dependency identifierref="COMMON_FILES"/>
  </resource>
  <resource identifier="RES-eXeUT_860c9975c2632e1fbb04a" type="webcontent" adlcp:scormtype="sco" href="83_xml.html"> 
    <file href="83_xml.html"/> 
    <file href="exe_html5.js"/>
    <dependency identifierref="COMMON_FILES"/>
  </resource>
  <resource identifier="RES-eXeUT_860c9975c2632e1fbb04c" type="webcontent" adlcp:scormtype="sco" href="resumen.html"> 
    <file href="resumen.html"/> 
    <file href="exe_html5.js"/>
    <dependency identifierref="COMMON_FILES"/>
  </resource>
  <resource identifier="COMMON_FILES" type="webcontent" adlcp:scormtype="asset">
    <file href="config.xml"/>
    <file href="content.css"/>
    <file href="icon_activity.png"/>
    <file href="icon_agreement.png"/>
    <file href="icon_alert.png"/>
    <file href="icon_arts.png"/>
    <file href="icon_ask.png"/>
    <file href="icon_book.png"/>
    <file href="icon_calculate.png"/>
    <file href="icon_case.png"/>
    <file href="icon_collaborative.png"/>
    <file href="icon_competencies.png"/>
    <file href="icon_diary.png"/>
    <file href="icon_discuss.png"/>
    <file href="icon_download.png"/>
    <file href="icon_draw.png"/>
    <file href="icon_english.png"/>
    <file href="icon_experiment.png"/>
    <file href="icon_explore.png"/>
    <file href="icon_file.png"/>
    <file href="icon_gallery.png"/>
    <file href="icon_geography.png"/>
    <file href="icon_history.png"/>
    <file href="icon_info.png"/>
    <file href="icon_interactive.png"/>
    <file href="icon_letters.png"/>
    <file href="icon_listen.png"/>
    <file href="icon_math.png"/>
    <file href="icon_music.png"/>
    <file href="icon_nature.png"/>
    <file href="icon_objectives.png"/>
    <file href="icon_observe.png"/>
    <file href="icon_perform.png"/>
    <file href="icon_piece.png"/>
    <file href="icon_pieces.png"/>
    <file href="icon_play.png"/>
    <file href="icon_present.png"/>
    <file href="icon_reflection.png"/>
    <file href="icon_share.png"/>
    <file href="icon_sport.png"/>
    <file href="icon_start.png"/>
    <file href="icon_technology.png"/>
    <file href="icon_think.png"/>
    <file href="icon_video.png"/>
    <file href="nav.css"/>
    <file href="quicksand-regular-latin-ext.woff2"/>
    <file href="quicksand-regular-latin.woff2"/>
    <file href="quicksand-regular-vietnamese.woff2"/>
    <file href="_cedec_external_link.png"/>
    <file href="_cedec_icons.png"/>
    <file href="_cedec_icon_alert.png"/>
    <file href="_cedec_icon_danger.png"/>
    <file href="_cedec_icon_info.png"/>
    <file href="_cedec_icon_success.png"/>
    <file href="_cedec_icon_warning.png"/>
    <file href="_cedec_js.js"/>
    <file href="_cedec_left_column.gif"/>
    <file href="_cedec_licenses.gif"/>
    <file href="_cedec_loading.gif"/>
    <file href="_cedec_menu.gif"/>
    <file href="_cedec_pbl_duration.png"/>
    <file href="_cedec_pbl_participants.png"/>
    <file href="_cedec_print.gif"/>
    <file href="base.css"/>
    <file href="popup_bg.gif"/>
    <file href="SCORM_API_wrapper.js"/>
    <file href="SCOFunctions.js"/>
    <file href="common.js"/>
    <file href="common_i18n.js"/>
    <file href="exe_jquery.js"/>
    <file href="content.xsd"/>
    <file href="content.data"/>
    <file href="contentv3.xml"/>
    <file href="imslrm.xml"/>
  </resource>
</resources>
</manifest>
